sample_id,race,sex
GSM6928120,unknown,unknown
GSM1546559,unknown,unknown
GSM442125,unknown,Male
GSM5225242,unknown,unknown
GSM4429476,unknown,unknown
GSM4981413,unknown,unknown
GSM6134662,unknown,unknown
GSM8140936,unknown,unknown
GSM308238,unknown,unknown
GSM7708781,Black,unknown
GSM745657,unknown,unknown
GSM1145175,unknown,unknown
GSM2088547,unknown,unknown
GSM4909696,unknown,unknown
GSM6607454,unknown,unknown
GSM1558116,unknown,unknown
GSM8339783,unknown,unknown
GSM990246,unknown,unknown
GSM5914946,unknown,unknown
GSM4386241,unknown,unknown
